{"cameraMode":{"drawMode":0,"name":"Shaded","section":"Shading Mode"},"sceneLighting":true,"audioPlay":false,"sceneViewState":{"m_AlwaysRefresh":false,"showFog":true,"showSkybox":true,"showFlares":true,"showImageEffects":true,"showParticleSystems":true,"showVisualEffectGraphs":true,"m_FxEnabled":true},"in2DMode":false,"pivot":{"x":24.29629135131836,"y":2.1043543815612795,"z":9.438079833984375},"rotation":{"x":-0.2562751770019531,"y":0.06720729172229767,"z":-0.017865004017949106,"w":-0.9641009569168091},"size":17.224529266357423,"orthographic":false}